City_ID,City,Lat,Lng,Max Temp,Humidity,Cloudiness,Wind Speed,Current Description,Country,Date
0,Riyadh,24.6877,46.7219,69.94,24,0,3.8,clear sky,SA,1634266445
1,Puerto Ayora,-0.7393,-90.3518,68.94,81,46,9.53,scattered clouds,EC,1634266509
2,Ushuaia,-54.8,-68.3,40.66,52,20,5.75,few clouds,AR,1634266510
3,Mataura,-46.1927,168.8643,56.52,51,33,7.76,scattered clouds,NZ,1634266510
4,Richards Bay,-28.783,32.0377,66.78,77,8,9.95,clear sky,ZA,1634266511
5,Bambous Virieux,-20.3428,57.7575,74.21,78,40,6.91,scattered clouds,MU,1634266511
6,Kamakwie,9.5,-12.2333,73.42,98,93,1.3,overcast clouds,SL,1634266512
7,Puerto Escondido,15.85,-97.0667,80.85,86,28,4.0,scattered clouds,MX,1634266512
8,Butaritari,3.0707,172.7902,82.69,69,40,16.17,scattered clouds,KI,1634266513
9,Paamiut,61.994,-49.6678,37.4,79,3,12.8,clear sky,GL,1634266514
10,Grajau,-5.8194,-46.1386,80.55,52,88,0.67,overcast clouds,BR,1634266514
11,Bredasdorp,-34.5322,20.0403,48.27,93,100,6.17,overcast clouds,ZA,1634266515
12,De-Kastri,51.4667,140.7833,36.1,87,100,17.22,overcast clouds,RU,1634266515
13,Airai,-8.9266,125.4092,81.18,43,76,1.79,broken clouds,TL,1634266516
14,Dorgos,46.05,21.8333,36.27,86,23,3.04,light snow,RO,1634266516
15,Alberton,46.8168,-64.0654,51.93,86,82,8.14,broken clouds,CA,1634266517
16,Rikitea,-23.1203,-134.9692,74.75,71,49,3.27,scattered clouds,PF,1634266517
17,Albany,42.6001,-73.9662,62.38,91,89,2.8,overcast clouds,US,1634266518
18,Hasaki,35.7333,140.8333,79.29,61,4,5.3,clear sky,JP,1634266519
19,Port-Cartier,50.0334,-66.8654,53.74,84,100,2.66,overcast clouds,CA,1634266519
20,Hilo,19.7297,-155.09,74.93,91,75,6.91,broken clouds,US,1634266520
21,Jamestown,42.097,-79.2353,71.19,91,40,5.01,scattered clouds,US,1634266278
22,Hobart,-42.8794,147.3294,60.66,97,75,1.01,light intensity drizzle,AU,1634266521
23,Tongzi,28.7829,105.0877,59.38,81,100,4.59,overcast clouds,CN,1634266521
24,Sao Joao Da Barra,-21.6403,-41.0511,73.56,92,50,14.2,scattered clouds,BR,1634266522
25,Punta Arenas,-53.15,-70.9167,42.91,75,40,20.71,scattered clouds,CL,1634266522
26,Seoul,37.5683,126.9778,67.51,82,90,4.61,overcast clouds,KR,1634266383
27,Clyde River,70.4692,-68.5914,23.22,70,14,9.53,few clouds,CA,1634266524
28,Metro,-5.1131,105.3067,88.59,53,96,6.2,overcast clouds,ID,1634266524
29,Hvide Sande,56.0045,8.1294,50.29,69,100,28.34,overcast clouds,DK,1634266525
30,Mabaruma,8.2,-59.7833,76.98,90,93,3.22,overcast clouds,GY,1634266525
31,Santa Ines,-3.6667,-45.38,78.51,72,32,5.35,scattered clouds,BR,1634266526
32,Rio Grande,-32.035,-52.0986,66.94,93,100,7.65,overcast clouds,BR,1634266526
33,Atuona,-9.8,-139.0333,78.22,76,18,19.17,few clouds,PF,1634266527
34,Cape Town,-33.9258,18.4232,58.08,83,20,1.99,few clouds,ZA,1634266508
35,Comodoro Rivadavia,-45.8667,-67.5,49.86,27,0,14.97,clear sky,AR,1634266527
36,Bluff,-46.6,168.3333,50.94,65,55,17.47,broken clouds,NZ,1634266528
37,Longyearbyen,78.2186,15.6401,31.84,64,75,23.02,broken clouds,SJ,1634266528
38,Mandalgovi,45.7625,106.2708,25.02,42,58,14.38,broken clouds,MN,1634266529
39,Cardston,49.2,-113.3019,41.29,45,0,12.66,clear sky,CA,1634266529
40,Urubicha,-15.3833,-62.95,87.96,46,54,6.76,broken clouds,BO,1634266530
41,Camana,-16.6228,-72.7111,61.56,90,97,9.53,overcast clouds,PE,1634266530
42,Alcantara,-2.4089,-44.4147,82.6,81,30,10.18,scattered clouds,BR,1634266531
43,Qaanaaq,77.484,-69.3632,11.1,84,66,7.4,broken clouds,GL,1634266531
44,Vila Franca Do Campo,37.7167,-25.4333,72.01,96,100,20.13,overcast clouds,PT,1634266532
45,Tilichiki,60.4667,166.1,26.96,48,4,7.92,clear sky,RU,1634266532
46,Beringovskiy,63.05,179.3167,20.55,75,21,9.1,few clouds,RU,1634266533
47,Husavik,66.0449,-17.3389,44.51,80,69,10.85,broken clouds,IS,1634266533
48,Tommot,58.9564,126.2925,23.4,71,100,7.67,overcast clouds,RU,1634266534
49,Lompoc,34.6391,-120.4579,64.71,68,1,9.22,clear sky,US,1634266534
50,Taoudenni,22.6783,-3.9836,86.0,14,31,6.6,scattered clouds,ML,1634266327
51,Padang,-0.9492,100.3543,86.05,65,83,4.5,broken clouds,ID,1634266535
52,Sao Filipe,14.8961,-24.4956,77.81,75,81,8.48,broken clouds,CV,1634266536
53,Half Moon Bay,37.4636,-122.4286,66.33,55,1,6.91,clear sky,US,1634266536
54,Carnarvon,-24.8667,113.6333,77.07,57,0,10.36,clear sky,AU,1634266537
55,Mahebourg,-20.4081,57.7,74.25,78,40,6.91,scattered clouds,MU,1634266537
56,Sampit,-2.5333,112.95,82.8,80,100,3.62,overcast clouds,ID,1634266538
57,Clarence Town,-32.5833,151.7833,76.6,26,27,16.89,scattered clouds,AU,1634266538
58,Thompson,55.7435,-97.8558,39.36,93,90,8.05,mist,CA,1634266539
59,Muli,2.9167,73.5667,83.17,77,89,21.14,overcast clouds,MV,1634266539
60,Avarua,-21.2078,-159.775,78.85,69,20,5.75,few clouds,CK,1634266540
61,Kapaa,22.0752,-159.319,82.38,76,73,4.0,moderate rain,US,1634266540
62,Umm Bab,25.2142,50.8072,74.88,58,0,7.81,clear sky,QA,1634266541
63,Yellowknife,62.456,-114.3525,40.41,97,20,1.01,few clouds,CA,1634266439
64,Georgetown,5.4112,100.3354,89.53,79,20,3.0,few clouds,MY,1634266542
65,Tuatapere,-46.1333,167.6833,53.1,64,52,10.76,broken clouds,NZ,1634266542
66,Ban Dung,17.699,103.2596,77.88,99,100,7.18,overcast clouds,TH,1634266542
67,Castro,-24.7911,-50.0119,60.1,95,6,4.88,clear sky,BR,1634266543
68,Ilulissat,69.2167,-51.1,32.23,99,100,0.96,overcast clouds,GL,1634266544
69,Cairns,-16.9167,145.7667,85.1,58,100,8.05,moderate rain,AU,1634266486
70,Axim,4.8699,-2.2405,77.47,90,100,5.77,overcast clouds,GH,1634266544
71,La Ronge,55.1001,-105.2842,39.45,87,90,4.61,overcast clouds,CA,1634266545
72,Nuevo Progreso,23.1667,-97.95,82.6,79,99,3.0,overcast clouds,MX,1634266545
73,Necochea,-38.5473,-58.7368,50.04,83,61,10.45,broken clouds,AR,1634266546
74,Seddon,-37.8068,144.8916,65.68,67,40,11.99,light rain,AU,1634266547
75,Iqaluit,63.7506,-68.5145,31.73,69,90,8.01,overcast clouds,CA,1634266547
76,Taltal,-25.4,-70.4833,59.74,76,3,4.92,clear sky,CL,1634266548
77,Palmer,42.1584,-72.3287,64.67,85,20,0.0,few clouds,US,1634266548
78,Karasjok,69.4719,25.5112,32.11,98,100,5.84,light snow,NO,1634266549
79,Isangel,-19.55,169.2667,80.71,74,75,13.8,broken clouds,VU,1634266549
80,Vanimo,-2.6741,141.3028,87.58,65,57,9.93,broken clouds,PG,1634266550
81,Chokurdakh,70.6333,147.9167,8.87,97,99,1.83,overcast clouds,RU,1634266550
82,Gayeri,12.6497,0.4931,82.54,47,25,7.56,scattered clouds,BF,1634266551
83,Constitucion,-35.3333,-72.4167,45.55,77,0,10.49,clear sky,CL,1634266551
84,Stoholm,56.4845,9.1462,51.89,90,100,16.73,overcast clouds,DK,1634266552
85,Oktyabrskoye,43.0645,44.7417,50.14,93,83,2.24,broken clouds,RU,1634266552
86,San Antonio,29.4241,-98.4936,78.91,87,1,4.61,clear sky,US,1634266384
87,Cocobeach,1.0002,9.5823,80.53,89,100,7.65,moderate rain,GA,1634266553
88,Plettenberg Bay,-34.0527,23.3716,56.01,84,100,4.05,overcast clouds,ZA,1634266553
89,Neuquen,-38.9516,-68.0591,51.69,37,0,11.5,clear sky,AR,1634266548
90,Saint-Joseph,-21.3667,55.6167,70.47,79,22,9.31,few clouds,RE,1634266554
91,Saint George,37.1041,-113.5841,61.39,37,1,1.99,clear sky,US,1634266555
92,Mayumba,-3.432,10.6554,75.94,90,41,5.5,scattered clouds,GA,1634266555
93,Bilibino,68.0546,166.4372,-0.94,99,92,1.03,overcast clouds,RU,1634266556
94,Omboue,-1.5746,9.2618,76.91,88,85,4.54,overcast clouds,GA,1634266556
95,Torbay,47.6666,-52.7314,47.57,96,90,26.46,light intensity drizzle,CA,1634266557
96,Los Llanos De Aridane,28.6585,-17.9182,65.95,76,20,10.36,few clouds,ES,1634266557
97,Houma,29.5958,-90.7195,80.01,89,100,3.44,overcast clouds,US,1634266548
98,Udachnyy,66.4167,112.4,12.25,82,20,9.75,few clouds,RU,1634266558
99,Tarakan,3.3,117.6333,83.7,74,40,6.91,scattered clouds,ID,1634266559
100,Coquimbo,-29.9533,-71.3436,55.13,66,0,3.44,clear sky,CL,1634266559
101,Jiuquan,39.7432,98.5174,47.8,32,73,7.63,broken clouds,CN,1634266560
102,Olinda,-8.0089,-34.8553,80.33,78,75,12.66,broken clouds,BR,1634266560
103,Hermanus,-34.4187,19.2345,55.9,79,53,9.98,broken clouds,ZA,1634266561
104,San Policarpo,12.1791,125.5072,81.41,81,36,2.84,scattered clouds,PH,1634266561
105,Namibe,-15.1961,12.1522,62.31,90,46,3.65,scattered clouds,AO,1634266562
106,Yatou,37.15,122.3833,69.33,57,27,14.14,scattered clouds,CN,1634266563
107,Port Alfred,-33.5906,26.891,62.87,75,100,17.87,overcast clouds,ZA,1634266563
108,Tianjin,39.1422,117.1767,66.15,68,100,4.47,overcast clouds,CN,1634266564
109,Sorland,67.667,12.6934,44.24,64,91,22.5,overcast clouds,NO,1634266564
110,Mamallapuram,12.6264,80.1722,84.25,76,100,4.21,overcast clouds,IN,1634266565
111,Prince George,53.9166,-122.753,45.84,73,20,8.05,few clouds,CA,1634266319
112,Hereford,52.0568,-2.7148,57.79,88,93,6.4,overcast clouds,GB,1634266566
113,Mushie,-3.0167,16.9,71.08,96,79,2.86,broken clouds,CD,1634266566
114,Smithers,54.7804,-127.1743,44.92,76,75,5.75,broken clouds,CA,1634266450
115,San Luis,-33.295,-66.3356,47.82,30,0,13.4,clear sky,AR,1634266567
116,Sri Aman,1.2376,111.4621,86.09,79,20,4.61,few clouds,MY,1634266568
117,Ingham,42.6,-84.3833,62.01,89,90,0.0,overcast clouds,US,1634266568
118,Kasungu,-13.0333,33.4833,70.12,59,65,9.73,broken clouds,MW,1634266461
119,Bubaque,11.2833,-15.8333,83.7,71,16,7.2,few clouds,GW,1634266569
120,Kruisfontein,-34.0033,24.7314,57.88,90,86,5.3,overcast clouds,ZA,1634266570
121,Cuamba,-14.8031,36.5372,73.13,67,18,4.74,few clouds,MZ,1634266570
122,Provideniya,64.3833,-173.3,32.11,59,75,13.42,light snow,RU,1634266571
123,Nikolskoye,59.7035,30.7861,39.87,86,29,6.2,scattered clouds,RU,1634266572
124,Fortuna,40.5982,-124.1573,56.48,90,1,8.05,clear sky,US,1634266572
125,Gizo,-8.103,156.8419,85.14,69,44,4.94,light rain,SB,1634266573
126,Pevek,69.7008,170.3133,20.32,92,100,1.57,light snow,RU,1634266573
127,Dingle,10.9995,122.6711,82.65,81,97,2.82,overcast clouds,PH,1634266574
128,Gerede,40.8008,32.1969,45.48,68,0,5.21,clear sky,TR,1634266574
129,Busselton,-33.65,115.3333,70.05,50,93,6.6,overcast clouds,AU,1634266575
130,Tuktoyaktuk,69.4541,-133.0374,30.2,100,90,4.61,light snow,CA,1634266575
131,Nioro,13.35,-15.75,75.0,77,1,4.63,clear sky,GM,1634266576
132,Victoria,22.2855,114.1577,81.32,87,100,1.01,overcast clouds,HK,1634266317
133,Keskin,39.6731,33.6136,51.08,64,0,4.18,clear sky,TR,1634266577
134,Dwarka,22.2394,68.9678,82.8,59,0,11.86,clear sky,IN,1634266577
135,Cherskiy,68.75,161.3,12.38,95,99,5.12,light snow,RU,1634266578
136,Kodiak,57.79,-152.4072,40.53,64,10,10.16,clear sky,US,1634266578
137,Kaitangata,-46.2817,169.8464,57.6,51,20,6.42,few clouds,NZ,1634266579
138,Fare,-16.7,-151.0167,80.58,71,15,11.54,few clouds,PF,1634266579
139,Hithadhoo,-0.6,73.0833,83.55,78,91,21.72,overcast clouds,MV,1634266580
140,Madrid,40.4165,-3.7026,58.37,67,0,3.0,clear sky,ES,1634266334
141,San Borja,-14.8167,-66.85,82.33,62,96,2.57,overcast clouds,BO,1634266581
142,Deputatskiy,69.3,139.9,10.62,90,85,2.17,overcast clouds,RU,1634266581
143,Talnakh,69.4865,88.3972,25.93,95,100,17.18,snow,RU,1634266581
144,Bethel,41.3712,-73.414,64.81,90,55,4.25,broken clouds,US,1634266582
145,Palana,59.1167,159.9667,31.28,71,100,13.49,overcast clouds,RU,1634266583
146,Phan Thiet,10.9333,108.1,86.52,64,60,8.61,broken clouds,VN,1634266583
147,College,64.8569,-147.8028,31.28,80,96,2.35,overcast clouds,US,1634266584
148,Mitu,1.1983,-70.1733,77.23,80,12,2.62,few clouds,CO,1634266536
149,New Norfolk,-42.7826,147.0587,60.3,91,100,2.57,overcast clouds,AU,1634266585
150,Matara,5.9485,80.5353,82.69,79,95,13.56,overcast clouds,LK,1634266585
151,Mar Del Plata,-38.0023,-57.5575,53.13,28,90,15.01,light rain,AR,1634266405
152,Chuy,-33.6971,-53.4616,60.73,93,100,4.29,overcast clouds,UY,1634266586
153,Geraldton,-28.7667,114.6,91.81,13,2,10.36,clear sky,AU,1634266586
154,Faanui,-16.4833,-151.75,80.83,73,76,13.4,light rain,PF,1634266587
155,Beyneu,45.3167,55.2,48.69,54,0,10.6,clear sky,KZ,1634266587
156,Arman,59.7,150.1667,27.95,50,94,13.53,overcast clouds,RU,1634266588
157,Itamaraca,-7.7478,-34.8256,80.65,84,7,11.21,clear sky,BR,1634266589
158,Lagos,6.5833,3.75,77.32,94,26,2.15,scattered clouds,NG,1634266475
159,Almeirim,-1.5233,-52.5817,80.55,62,67,5.61,broken clouds,BR,1634266589
160,Arraial Do Cabo,-22.9661,-42.0278,73.36,94,40,17.27,scattered clouds,BR,1634266590
161,Vaini,-21.2,-175.2,80.76,78,75,14.97,broken clouds,TO,1634266591
162,Nhulunbuy,-12.2333,136.7667,92.01,55,40,11.5,scattered clouds,AU,1634266591
163,Viedma,-40.8135,-62.9967,40.8,83,1,0.6,clear sky,AR,1634266592
164,Kamyshlov,56.8428,62.7111,42.31,81,98,9.33,overcast clouds,RU,1634266592
165,Zhuhai,22.2769,113.5678,81.05,78,40,14.97,scattered clouds,CN,1634266592
166,Bengkulu,-3.8004,102.2655,82.58,68,96,1.43,overcast clouds,ID,1634266593
167,Haines Junction,60.7522,-137.5108,35.55,69,77,4.61,broken clouds,CA,1634266593
168,Urumqi,43.801,87.6005,45.55,43,0,2.24,clear sky,CN,1634266594
169,Bukoba,-1.3317,31.8122,66.88,80,35,2.04,light rain,TZ,1634266594
170,Meulaboh,4.1363,96.1285,83.89,65,44,2.75,scattered clouds,ID,1634266595
171,Souillac,-20.5167,57.5167,74.35,78,40,6.91,scattered clouds,MU,1634266595
172,Ulaangom,49.9811,92.0667,36.36,61,36,2.13,scattered clouds,MN,1634266596
173,Saint-Augustin,51.226,-58.6502,47.77,80,100,13.38,overcast clouds,CA,1634266596
174,Evensk,61.95,159.2333,27.07,47,33,12.12,scattered clouds,RU,1634266597
175,Shache,38.4167,77.2406,52.43,23,3,6.53,clear sky,CN,1634266597
176,Vao,-22.6667,167.4833,69.78,77,64,16.04,broken clouds,NC,1634266598
177,Zhigansk,66.7697,123.3711,14.81,90,83,5.5,broken clouds,RU,1634266599
178,Bathsheba,13.2167,-59.5167,81.21,89,75,16.11,broken clouds,BB,1634266599
179,Klaksvik,62.2266,-6.589,45.52,67,100,21.54,overcast clouds,FO,1634266600
180,Chiang Khong,20.2613,100.4046,73.72,97,100,2.59,overcast clouds,TH,1634266600
181,Gold Coast,-28.0,153.4333,86.34,39,28,5.99,scattered clouds,AU,1634266583
182,Solnechnyy,50.7214,136.6319,31.71,70,98,9.22,overcast clouds,RU,1634266601
183,Dikson,73.5069,80.5464,32.25,99,100,5.03,overcast clouds,RU,1634266602
184,Dahra,36.2546,0.8519,54.79,57,0,4.81,clear sky,DZ,1634266602
185,Narsaq,60.9167,-46.05,36.25,47,12,5.84,few clouds,GL,1634266603
186,Saskylakh,71.9167,114.0833,4.77,92,92,10.83,overcast clouds,RU,1634266604
187,Vardo,70.3705,31.1107,37.6,97,100,15.88,overcast clouds,NO,1634266604
188,San Jose,37.3394,-121.895,66.88,48,1,0.0,clear sky,US,1634266433
189,Martapura,-3.4167,114.85,90.18,62,74,0.85,light rain,ID,1634266605
190,Yei,4.095,30.6779,65.7,96,52,1.34,broken clouds,SS,1634266605
191,Markha,62.1053,129.7269,22.96,68,75,2.24,light shower snow,RU,1634266606
192,Tiksi,71.6872,128.8694,11.44,91,99,6.91,overcast clouds,RU,1634266606
193,Caravelas,-17.7125,-39.2481,76.26,90,93,8.77,overcast clouds,BR,1634266607
194,Slavonski Brod,45.1603,18.0156,37.65,94,6,1.54,clear sky,HR,1634266608
195,Makakilo City,21.3469,-158.0858,77.32,80,90,20.74,overcast clouds,US,1634266608
196,Keetmanshoop,-26.5833,18.1333,55.8,49,0,6.46,clear sky,NA,1634266516
197,Saldanha,-33.0117,17.9442,55.45,72,100,11.32,overcast clouds,ZA,1634266609
198,Santa Cruz,-17.8,-63.1667,85.46,66,75,16.11,moderate rain,BO,1634266526
199,Ribeira Grande,38.5167,-28.7,70.61,82,46,12.21,scattered clouds,PT,1634266610
200,Kuusamo,65.9667,29.1833,39.24,93,90,16.11,overcast clouds,FI,1634266610
201,Fairbanks,64.8378,-147.7164,32.0,78,90,4.61,overcast clouds,US,1634266324
202,Myitkyina,25.3833,97.4,77.34,95,100,1.61,overcast clouds,MM,1634266611
203,Katsuura,35.1333,140.3,73.44,63,11,4.27,few clouds,JP,1634266611
204,Garowe,8.4054,48.4845,79.3,63,81,5.35,light rain,SO,1634266612
205,Vitim,59.4511,112.5578,24.33,73,100,7.63,overcast clouds,RU,1634266613
206,Cururupu,-1.8283,-44.8683,76.91,84,76,4.7,broken clouds,BR,1634266613
207,Port Lincoln,-34.7333,135.8667,60.58,65,67,17.2,broken clouds,AU,1634266614
208,Strezhevoy,60.7333,77.5889,40.98,90,100,10.78,overcast clouds,RU,1634266614
209,Nyurba,63.2842,118.3319,24.55,71,76,4.56,broken clouds,RU,1634266615
210,Norman Wells,65.282,-126.8329,23.04,86,75,3.44,broken clouds,CA,1634266615
211,Sola,-13.8833,167.55,84.87,84,40,8.05,scattered clouds,VU,1634266616
212,Benjamin Hill,30.1667,-111.1,67.17,18,0,5.75,clear sky,MX,1634266616
213,Talaya,61.3833,152.75,15.15,80,99,6.69,overcast clouds,RU,1634266616
214,Ranong,9.9658,98.6348,80.53,84,98,13.78,overcast clouds,TH,1634266617
215,Puerto Montt,-41.4698,-72.9447,41.83,93,75,0.0,broken clouds,CL,1634266618
216,Berlevag,70.8578,29.0864,36.1,98,100,9.84,light rain,NO,1634266618
217,Barrow,71.2906,-156.7887,24.22,85,100,19.91,overcast clouds,US,1634266618
218,East London,-33.0153,27.9116,63.52,75,100,14.09,overcast clouds,ZA,1634266619
219,Carauari,-4.8828,-66.8958,79.86,78,49,1.86,scattered clouds,BR,1634266619
220,Cap-Aux-Meules,47.3821,-61.8597,50.05,87,75,13.8,broken clouds,CA,1634266620
221,Bjornevatn,69.6672,29.9847,37.02,100,75,17.27,light rain,NO,1634266620
222,Boras,57.721,12.9401,52.83,92,100,11.41,overcast clouds,SE,1634266621
223,Leningradskiy,69.3833,178.4167,18.95,95,100,6.46,light snow,RU,1634266622
224,Olafsvik,64.8945,-23.7142,43.79,81,100,22.15,overcast clouds,IS,1634266622
225,Noyabrsk,63.1994,75.4507,40.03,93,98,15.43,overcast clouds,RU,1634266623
226,Talas,38.6908,35.5538,39.87,81,0,0.0,clear sky,TR,1634266623
227,Moree,-29.4667,149.85,73.42,28,5,20.71,clear sky,AU,1634266624
228,Prince Rupert,54.3161,-130.3201,47.89,93,90,17.27,moderate rain,CA,1634266376
229,Avera,33.194,-82.5271,68.7,73,99,0.47,overcast clouds,US,1634266625
230,Cayenne,4.9333,-52.3333,81.09,83,0,0.0,clear sky,GF,1634266625
231,Ostrovnoy,68.0531,39.5131,38.5,73,99,23.17,overcast clouds,RU,1634266625
232,Upernavik,72.7868,-56.1549,29.43,73,61,2.35,broken clouds,GL,1634266626
233,Mareeba,-17.0,145.4333,81.48,59,100,2.86,overcast clouds,AU,1634266626
234,Shubarshi,48.5872,57.1869,44.33,40,51,7.99,broken clouds,KZ,1634266627
235,Severo-Kurilsk,50.6789,156.125,46.89,99,100,7.72,light rain,RU,1634266627
236,Merauke,-8.4667,140.3333,80.08,76,100,6.04,overcast clouds,ID,1634266506
237,Saint-Georges,12.0564,-61.7485,83.88,84,20,16.11,few clouds,GD,1634266628
238,Kunming,25.0389,102.7183,53.53,100,90,11.18,overcast clouds,CN,1634266629
239,Urucui,-7.2294,-44.5561,84.2,48,92,2.24,overcast clouds,BR,1634266629
240,Bairiki,1.3292,172.9752,86.0,66,75,9.22,broken clouds,KI,1634266629
241,Ostrogozhsk,50.8664,39.0756,44.38,72,100,7.05,light rain,RU,1634266630
242,Qasigiannguit,68.8193,-51.1922,32.94,99,100,1.5,overcast clouds,GL,1634266631
243,Biak,-0.9131,122.8766,84.33,68,94,2.89,overcast clouds,ID,1634266632
244,San Cristobal,7.7669,-72.225,73.58,92,100,1.59,overcast clouds,VE,1634266632
245,Cravo Norte,6.3017,-70.2041,81.9,78,100,4.81,overcast clouds,CO,1634266633
246,Batyrevo,55.0675,47.6111,49.26,71,100,19.28,overcast clouds,RU,1634266633
247,Komsomolskiy,40.4272,71.7189,50.72,53,0,6.91,clear sky,UZ,1634266633
248,Tingi,-11.3,35.0333,62.33,77,15,5.64,few clouds,TZ,1634266634
249,Kutulik,53.3508,102.7839,26.49,42,0,1.7,clear sky,RU,1634266634
250,Hyeres,43.1167,6.1167,59.68,85,0,2.3,clear sky,FR,1634266635
251,Barguzin,53.6167,109.6167,25.57,56,54,6.53,broken clouds,RU,1634266635
252,Saint-Pierre,-21.3393,55.4781,71.56,75,75,6.91,broken clouds,RE,1634266636
253,Palembang,-2.9167,104.7458,86.09,70,40,4.61,scattered clouds,ID,1634266446
254,Barabinsk,55.3571,78.357,42.35,82,100,4.74,overcast clouds,RU,1634266637
255,Adrar,20.5022,-10.0711,80.13,17,9,11.03,clear sky,MR,1634266637
256,Cidreira,-30.1811,-50.2056,67.1,96,85,11.65,overcast clouds,BR,1634266638
257,Port Hedland,-20.3167,118.5667,93.25,12,1,10.36,clear sky,AU,1634266638
258,Dakar,14.6937,-17.4441,77.88,73,0,15.61,clear sky,SN,1634266630
259,Walvis Bay,-22.9575,14.5053,58.08,94,1,5.75,clear sky,NA,1634266639
260,Luorong,24.4058,109.6086,76.24,62,34,16.15,scattered clouds,CN,1634266639
261,Acapulco,16.8634,-99.8901,81.59,84,68,4.32,broken clouds,MX,1634266640
262,Severo-Yeniseyskiy,60.3725,93.0408,26.06,79,100,14.12,overcast clouds,RU,1634266640
263,San Patricio,28.017,-97.5169,82.24,87,8,8.03,clear sky,US,1634266641
264,Novo Aripuana,-5.1206,-60.3797,80.35,58,92,3.18,overcast clouds,BR,1634266390
265,Adolfo Lopez Mateos,28.4667,-107.3,49.59,60,1,4.92,clear sky,MX,1634266641
266,Mount Isa,-20.7333,139.5,83.97,12,100,13.8,overcast clouds,AU,1634266642
267,Det Udom,14.906,105.0784,86.94,81,86,7.92,overcast clouds,TH,1634266643
268,Ellenabad,29.45,74.65,79.7,24,0,0.65,clear sky,IN,1634266643
269,Jose Bonifacio,-21.0528,-49.6883,70.86,85,99,9.4,overcast clouds,BR,1634266644
270,Hecun,36.5333,114.1111,66.4,46,100,4.41,overcast clouds,CN,1634266644
271,Marrakesh,31.6315,-8.0083,66.27,77,20,6.91,few clouds,MA,1634266645
272,Vilhena,-12.7406,-60.1458,74.19,75,84,3.98,broken clouds,BR,1634266645
273,Bandarbeyla,9.4942,50.8122,78.28,84,100,9.01,overcast clouds,SO,1634266646
274,Kapiri Mposhi,-13.9652,28.6809,64.0,59,6,5.06,clear sky,ZM,1634266646
275,Umkomaas,-30.2067,30.7978,62.6,78,21,4.32,few clouds,ZA,1634266647
276,Kibala,9.1104,18.3463,73.35,94,0,4.61,clear sky,TD,1634266647
277,Panjab,34.388,67.0233,42.89,14,1,4.97,clear sky,AF,1634266648
278,Sarkand,45.41,79.9186,50.13,35,1,0.96,clear sky,KZ,1634266648
279,Yantal,56.8471,105.2542,23.83,57,55,4.7,broken clouds,RU,1634266648
280,Koungou,-12.7336,45.2042,76.71,88,90,9.22,overcast clouds,YT,1634266649
281,Obera,-27.4871,-55.1199,68.65,100,96,1.1,light rain,AR,1634266649
282,Paita,-5.0892,-81.1144,64.31,84,23,12.1,few clouds,PE,1634266650
283,Nantucket,41.2835,-70.0995,60.96,90,90,6.91,mist,US,1634266650
284,Bataipora,-22.2953,-53.2711,68.68,93,2,7.36,clear sky,BR,1634266651
285,Samarai,-10.6167,150.6667,82.38,76,98,3.09,overcast clouds,PG,1634266652
286,Darlowo,54.421,16.4107,51.94,85,100,22.24,overcast clouds,PL,1634266652
287,Tonj,7.2737,28.6822,72.07,84,2,1.43,clear sky,SS,1634266652
288,Chumikan,54.7183,135.315,32.18,37,29,7.4,scattered clouds,RU,1634266653
289,Lookan,5.037,120.1027,84.6,72,100,5.68,overcast clouds,PH,1634266654
290,Saint-Philippe,-21.3585,55.7679,71.47,82,37,10.25,scattered clouds,RE,1634266654
291,Ust-Tsilma,65.441,52.1498,39.25,96,100,3.69,overcast clouds,RU,1634266655
292,Sao Felix Do Xingu,-6.6447,-51.995,75.18,77,92,2.37,heavy intensity rain,BR,1634266655
293,Gat,31.61,34.7642,73.4,70,42,6.13,scattered clouds,IL,1634266655
294,Kibondo,-3.5864,30.7203,63.39,85,92,1.83,overcast clouds,TZ,1634266656
295,Codajas,-3.8367,-62.0569,80.28,64,17,2.98,few clouds,BR,1634266398
296,Altay,47.8667,88.1167,42.85,40,0,5.64,clear sky,CN,1634266657
297,Honiara,-9.4333,159.95,85.46,72,84,5.21,broken clouds,SB,1634266604
298,Nuuk,64.1835,-51.7216,34.88,93,100,4.0,overcast clouds,GL,1634266658
299,Nagua,19.3832,-69.8474,79.45,89,100,3.36,overcast clouds,DO,1634266658
300,Luderitz,-26.6481,15.1594,54.32,90,27,12.3,scattered clouds,NA,1634266658
301,Flinders,-34.5833,150.8552,70.38,58,58,14.0,light rain,AU,1634266659
302,Portland,45.5234,-122.6762,56.57,92,90,1.99,overcast clouds,US,1634266476
303,Murgab,37.4966,61.9714,46.27,66,0,0.0,clear sky,TM,1634266660
304,Road Town,18.4167,-64.6167,80.2,79,98,10.65,overcast clouds,VG,1634266660
305,Barcelos,41.5388,-8.6151,61.92,53,60,2.82,broken clouds,PT,1634266661
306,Ambilobe,-13.2,49.05,71.51,77,2,3.94,clear sky,MG,1634266661
307,Kirakira,-10.4544,161.9205,82.83,78,53,5.01,broken clouds,SB,1634266662
308,Rawson,-43.3002,-65.1023,51.46,35,76,14.54,broken clouds,AR,1634266662
309,Alibag,18.6411,72.8792,84.27,71,57,4.9,broken clouds,IN,1634266663
310,Kibre Mengist,5.8833,38.9833,53.67,96,10,2.15,clear sky,ET,1634266663
311,Aykhal,66.0,111.5,11.21,82,34,13.27,scattered clouds,RU,1634266664
312,Xuddur,4.1213,43.8894,71.42,72,37,7.47,scattered clouds,SO,1634266664
313,Port Elizabeth,-33.918,25.5701,61.09,82,75,8.05,broken clouds,ZA,1634266665
314,Puerto Carreno,6.189,-67.4859,80.13,78,97,5.66,overcast clouds,CO,1634266535
315,Borogontsy,62.6683,131.1683,22.84,64,60,5.57,broken clouds,RU,1634266666
316,Hailun,47.45,126.9333,42.44,39,40,9.93,moderate rain,CN,1634266666
317,Hay River,60.8156,-115.7999,39.18,65,20,6.91,few clouds,CA,1634266667
318,Okitipupa,6.5047,4.7839,74.17,98,51,0.94,broken clouds,NG,1634266667
319,Lang Son,21.8333,106.7333,66.7,96,100,7.16,overcast clouds,VN,1634266668
320,Labuhan,-6.8844,112.2051,88.32,53,87,5.86,overcast clouds,ID,1634266668
321,Kitui,-1.367,38.0106,60.4,94,27,3.89,scattered clouds,KE,1634266669
322,Victor Harbor,-35.5667,138.6167,63.91,83,42,3.0,scattered clouds,AU,1634266669
323,Riachao Do Jacuipe,-11.8069,-39.3856,74.88,77,16,9.37,few clouds,BR,1634266670
324,Grindavik,63.8424,-22.4338,44.55,75,75,23.02,broken clouds,IS,1634266670
325,Maldonado,-34.6667,-54.9167,60.19,91,28,17.05,scattered clouds,UY,1634266671
326,Olga,43.7444,135.2892,54.72,31,37,14.65,scattered clouds,RU,1634266671
327,Port Blair,11.6667,92.75,78.84,94,90,6.91,light rain,IN,1634266671
328,Ponta Do Sol,32.6667,-17.1,68.72,73,6,2.28,clear sky,PT,1634266672
329,Enshi,30.3,109.4833,63.48,96,100,2.95,light rain,CN,1634266672
330,Port-Gentil,-0.7193,8.7815,78.69,84,100,11.9,light rain,GA,1634266673
331,Kahului,20.8947,-156.47,77.85,88,97,13.0,overcast clouds,US,1634266580
332,Xingyi,24.1877,102.817,56.75,97,100,4.16,overcast clouds,CN,1634266673
333,Aden,12.7794,45.0367,84.54,57,100,1.83,overcast clouds,YE,1634266417
334,Kavieng,-2.5744,150.7967,85.15,71,32,10.11,scattered clouds,PG,1634266674
335,Praia Da Vitoria,38.7333,-27.0667,73.65,94,40,6.11,scattered clouds,PT,1634266675
336,Alexandria,31.2156,29.9553,66.16,94,0,3.44,clear sky,EG,1634266498
337,Jinka,5.65,36.65,62.94,76,41,3.06,scattered clouds,ET,1634266675
338,Jinchang,38.4953,102.1739,47.73,38,100,6.2,overcast clouds,CN,1634266676
339,Buraydah,26.326,43.975,72.05,21,0,5.1,clear sky,SA,1634266676
340,Kadoma,34.7333,135.5833,78.8,53,20,3.44,few clouds,JP,1634266677
341,Lyubech,51.7026,30.6569,39.06,83,68,7.0,broken clouds,UA,1634266677
342,Esperanza,19.5847,-70.9849,78.01,89,85,2.13,overcast clouds,DO,1634266678
343,Baruun-Urt,46.6806,113.2792,24.31,27,0,22.46,clear sky,MN,1634266679
344,Yarada,17.65,83.2667,80.92,94,90,4.61,moderate rain,IN,1634266679
345,Price,39.5994,-110.8107,39.11,68,2,10.22,clear sky,US,1634266613
346,Slave Lake,55.2834,-114.769,40.98,60,1,5.75,clear sky,CA,1634266680
347,Petrachioaia,44.5833,26.3,46.53,96,40,13.8,light rain,RO,1634266680
348,Severnyy,50.677,36.5532,37.44,93,0,6.71,clear sky,RU,1634266681
349,Krasnyy Yar,46.5331,48.3456,42.73,37,54,5.21,broken clouds,RU,1634266681
350,Qunduz,36.729,68.857,62.69,20,0,1.14,clear sky,AF,1634266682
351,Valle De Allende,26.9333,-105.4,65.61,39,1,4.97,clear sky,MX,1634266683
352,Glendive,47.1053,-104.7125,40.48,80,99,1.99,overcast clouds,US,1634266683
353,Alakurtti,66.9672,30.3491,40.62,95,100,9.62,overcast clouds,RU,1634266683
354,Carutapera,-1.195,-46.02,78.98,78,38,7.7,scattered clouds,BR,1634266684
355,Calama,-22.4667,-68.9333,50.09,28,0,4.59,clear sky,CL,1634266684
356,Kautokeino,69.0125,23.0412,27.88,94,100,7.0,overcast clouds,NO,1634266685
357,Zyryanka,65.75,150.85,19.69,78,100,11.52,overcast clouds,RU,1634266685
358,Lebu,-37.6167,-73.65,45.48,73,3,6.49,clear sky,CL,1634266686
359,Vila Velha,-20.3297,-40.2925,76.95,83,20,9.22,few clouds,BR,1634266413
360,Kalabo,-14.97,22.6814,66.58,21,10,6.06,clear sky,ZM,1634266687
361,Iwanai,42.9744,140.5089,60.06,71,87,13.94,overcast clouds,JP,1634266687
362,Donskoye,45.4552,41.9741,48.47,76,4,9.46,clear sky,RU,1634266688
363,Edd,13.9297,41.6925,86.36,46,8,5.75,clear sky,ER,1634266688
364,Lagoa,39.05,-27.9833,69.66,86,57,12.86,broken clouds,PT,1634266689
365,Kobelyaky,49.1489,34.1965,45.32,62,100,2.93,overcast clouds,UA,1634266689
366,Najran,17.4924,44.1277,63.25,26,2,2.75,clear sky,SA,1634266690
367,Pisco,-13.7,-76.2167,61.02,82,17,12.66,few clouds,PE,1634266690
368,Soyo,-6.1349,12.3689,75.56,84,28,5.99,scattered clouds,AO,1634266691
369,Gigmoto,13.7796,124.39,83.34,76,48,2.26,scattered clouds,PH,1634266691
370,Goundi,9.3627,17.366,73.02,85,99,2.95,overcast clouds,TD,1634266692
371,Khatanga,71.9667,102.5,5.92,90,99,5.59,overcast clouds,RU,1634266692
372,Gouyave,12.1646,-61.7296,83.17,84,20,16.11,few clouds,GD,1634266693
373,Yulara,-25.2406,130.9889,71.44,23,0,9.22,clear sky,AU,1634266693
374,Nanortalik,60.1432,-45.2371,40.06,58,68,4.34,broken clouds,GL,1634266694
375,Boueni,-12.9025,45.0761,76.98,77,10,3.06,light rain,YT,1634266694
376,Imbituba,-28.24,-48.6703,69.69,97,28,10.38,scattered clouds,BR,1634266578
377,Atar,20.5169,-13.0499,84.15,17,9,10.89,clear sky,MR,1634266695
378,Sitka,57.0531,-135.33,40.82,89,90,2.13,light rain,US,1634266695
379,Ustye,59.6304,39.736,42.1,93,100,2.89,light rain,RU,1634266696
380,Alofi,-19.0595,-169.9187,80.49,61,20,8.05,few clouds,NU,1634266696
381,Sault Sainte Marie,46.5168,-84.3333,56.89,100,20,3.44,few clouds,CA,1634266697
382,Chaman,30.9236,66.4512,61.27,10,0,1.36,clear sky,PK,1634266698
383,Coolum Beach,-26.5333,153.1,84.11,76,33,9.6,scattered clouds,AU,1634266698
384,Itarema,-2.9248,-39.9167,78.87,83,25,14.63,scattered clouds,BR,1634266698
385,Suraabad,40.8192,49.4687,59.18,86,18,13.96,few clouds,AZ,1634266699
386,Halifax,44.6453,-63.5724,55.47,93,44,11.01,scattered clouds,CA,1634266443
387,Ulcinj,41.9294,19.2244,53.82,64,100,14.5,overcast clouds,ME,1634266700
388,Coihaique,-45.5752,-72.0662,40.95,70,75,4.61,light rain,CL,1634266700
389,Lakhnadon,22.6,79.6,72.23,54,100,6.2,overcast clouds,IN,1634266701
390,Khabary,53.6259,79.5345,38.14,77,6,8.03,clear sky,RU,1634266701
391,Codrington,-38.2667,141.9667,53.73,86,100,21.74,overcast clouds,AU,1634266702
392,Linxia,35.6003,103.2064,38.84,90,100,2.1,overcast clouds,CN,1634266702
393,Obsharovka,53.125,48.8531,50.2,72,100,13.09,overcast clouds,RU,1634266703
394,Toamasina,-18.1667,49.3833,69.8,100,40,1.14,light rain,MG,1634266703
395,Canete,-37.8,-73.4,39.85,88,4,3.31,clear sky,CL,1634266704
396,Jamame,0.0722,42.7506,77.22,80,39,9.73,scattered clouds,SO,1634266704
397,Migori,-1.0634,34.4731,62.24,76,26,8.84,scattered clouds,KE,1634266705
398,Kavaratti,10.5669,72.642,82.42,81,98,4.21,overcast clouds,IN,1634266706
399,Brownwood,31.7093,-98.9912,74.52,83,1,6.91,clear sky,US,1634266706
400,Maragogi,-9.0122,-35.2225,77.2,84,11,10.49,few clouds,BR,1634266706
401,Skibbereen,51.55,-9.2667,53.4,86,99,3.44,overcast clouds,IE,1634266707
402,Naze,28.3667,129.4833,83.32,75,21,7.25,few clouds,JP,1634266708
403,Treinta Y Tres,-33.2333,-54.3833,62.67,94,99,5.88,overcast clouds,UY,1634266708
404,Chake Chake,-5.2459,39.7666,74.01,90,13,5.93,light rain,TZ,1634266709
405,Asnaes,55.8123,11.5013,53.96,91,100,23.15,moderate rain,DK,1634266709
406,Ambon,-3.6954,128.1814,87.94,84,40,6.91,scattered clouds,ID,1634266710
407,Lambarene,-0.7001,10.2406,74.57,97,100,3.13,overcast clouds,GA,1634266710
408,Hofn,64.2539,-15.2082,42.31,50,40,13.65,scattered clouds,IS,1634266710
409,Arlit,18.7369,7.3853,82.15,17,2,6.51,clear sky,NE,1634266711
410,Takoradi,4.8845,-1.7554,77.27,90,81,6.44,broken clouds,GH,1634266712
411,Garoua,9.3,13.4,77.22,61,100,3.67,overcast clouds,CM,1634266713
412,Faya,18.3851,42.4509,57.31,27,0,4.0,clear sky,SA,1634266714
413,Sungaipenuh,-2.0833,101.3833,77.97,61,98,2.28,overcast clouds,ID,1634266715
414,Serafimovich,49.5786,42.736,43.36,86,93,5.88,overcast clouds,RU,1634266715
415,Cascais,38.6979,-9.4215,67.51,51,100,1.99,overcast clouds,PT,1634266716
416,Broken Hill,-31.95,141.4333,56.91,72,90,19.57,overcast clouds,AU,1634266717
417,Hobyo,5.3505,48.5268,77.9,85,100,15.3,overcast clouds,SO,1634266717
418,Ust-Nera,64.5667,143.2,20.07,67,100,5.14,overcast clouds,RU,1634266718
419,Rocha,-34.4833,-54.3333,55.54,94,0,6.87,clear sky,UY,1634266719
420,Kande,9.9578,1.0447,75.2,80,43,1.74,scattered clouds,TG,1634266719
421,Dombarovskiy,50.7587,59.5386,41.07,71,39,8.25,scattered clouds,RU,1634266720
422,Manggar,-2.8833,108.2667,85.87,70,98,10.6,overcast clouds,ID,1634266721
423,Kambove,-10.8764,26.5969,64.74,57,75,2.06,broken clouds,CD,1634266721
424,Manavalakurichi,8.1333,77.3,82.49,79,82,11.52,broken clouds,IN,1634266722
425,Qaqortoq,60.7167,-46.0333,38.16,49,16,4.59,few clouds,GL,1634266723
426,Darnah,32.767,22.6367,70.3,64,41,13.31,scattered clouds,LY,1634266723
427,Marsh Harbour,26.5412,-77.0636,80.35,71,10,9.62,clear sky,BS,1634266724
428,Rock Springs,41.5875,-109.2029,32.05,70,10,7.0,clear sky,US,1634266725
429,Esperance,-33.8667,121.9,66.04,54,34,7.87,scattered clouds,AU,1634266726
430,Am Timan,11.0297,20.2827,71.65,94,100,2.53,overcast clouds,TD,1634266727
431,Cabo San Lucas,22.8909,-109.9124,82.51,75,75,7.92,broken clouds,MX,1634266727
432,Novita,4.9551,-76.6053,75.4,98,100,1.77,overcast clouds,CO,1634266728
433,Semey,50.4111,80.2275,34.02,100,90,6.71,mist,KZ,1634266728
434,Gravdal,68.1214,13.5031,42.4,68,65,19.24,broken clouds,NO,1634266731
435,Gushikawa,26.3544,127.8686,85.23,69,100,11.7,overcast clouds,JP,1634266732
436,Kieta,-6.2167,155.6333,84.47,71,25,5.14,light rain,PG,1634266732
437,Weligama,5.9667,80.4167,82.4,80,94,13.49,overcast clouds,LK,1634266733
438,Roald,62.5833,6.1333,46.9,76,75,18.41,light rain,NO,1634266733
439,Sept-Iles,50.2001,-66.3821,54.05,93,75,1.01,broken clouds,CA,1634266602
440,Camacha,33.0833,-16.3333,65.16,82,40,3.44,scattered clouds,PT,1634266734
441,Hovd,48.0056,91.6419,34.54,49,6,2.62,clear sky,MN,1634266735
442,Mariental,-24.6333,17.9667,65.61,30,1,7.67,clear sky,NA,1634266516
443,Korla,41.7597,86.1469,50.54,30,15,4.23,few clouds,CN,1634266736
444,Port Macquarie,-31.4333,152.9167,81.9,19,0,21.85,clear sky,AU,1634266440
445,Changji,44.0167,87.3167,48.99,43,0,2.24,clear sky,CN,1634266737
446,Puerto Madero,14.7208,-92.4215,81.36,79,11,6.06,few clouds,MX,1634266737
447,Nakusp,50.2499,-117.8023,41.47,87,66,4.61,broken clouds,CA,1634266738
448,Fredericton,45.9454,-66.6656,54.64,94,75,1.01,broken clouds,CA,1634266738
449,Pingdu,36.7844,119.9464,63.84,61,83,8.99,broken clouds,CN,1634266739
450,Les Cayes,18.2,-73.75,78.3,80,98,4.21,overcast clouds,HT,1634266740
451,Guerrero Negro,27.9769,-114.0611,68.34,66,0,11.1,clear sky,MX,1634266740
452,Havre-Saint-Pierre,50.2334,-63.5986,54.19,87,90,4.61,overcast clouds,CA,1634266741
453,Novyy Urengoy,66.0833,76.6333,37.51,93,100,14.0,overcast clouds,RU,1634266742
454,Yumen,40.2833,97.2,47.3,33,59,12.48,broken clouds,CN,1634266742
455,Lincoln,40.8,-96.667,56.53,51,100,1.01,overcast clouds,US,1634266743
456,Namatanai,-3.6667,152.4333,85.8,68,17,8.66,few clouds,PG,1634266744
457,Mwinilunga,-11.7358,24.4293,63.52,54,47,3.58,scattered clouds,ZM,1634266744
458,Formosa,-26.1775,-58.1781,78.78,89,0,6.91,clear sky,AR,1634266730
459,Lodwar,3.1191,35.5973,82.96,42,36,15.64,scattered clouds,KE,1634266745
460,Salinas,36.6777,-121.6555,67.01,60,0,4.18,clear sky,US,1634266591
461,Luanda,-8.8368,13.2343,75.2,83,40,5.75,scattered clouds,AO,1634266693
462,Ancud,-41.8697,-73.8203,41.43,76,47,7.72,scattered clouds,CL,1634266746
463,Grand Gaube,-20.0064,57.6608,75.38,73,1,7.0,clear sky,MU,1634266747
464,Tieling,42.2931,123.8414,61.03,40,31,6.2,scattered clouds,CN,1634266748
465,Snasa,64.2457,12.3778,40.26,78,100,13.2,overcast clouds,NO,1634266748
466,Mecca,21.4267,39.8261,82.22,26,0,3.96,clear sky,SA,1634266749
467,Inirida,3.8653,-67.9239,77.92,87,98,2.39,overcast clouds,CO,1634266750
468,Thanh Hoa,19.8,105.7667,70.41,97,100,8.55,moderate rain,VN,1634266644
469,Karratha,-20.7377,116.8463,86.79,33,0,8.32,clear sky,AU,1634266750
470,Tasiilaq,65.6145,-37.6368,33.76,59,100,6.73,overcast clouds,GL,1634266751
471,Huilong,31.8111,121.655,84.04,79,87,1.9,light rain,CN,1634266752
472,Ipixuna,-1.7625,-48.8043,78.75,81,29,4.45,scattered clouds,BR,1634266752
473,Gashua,12.871,11.0482,82.9,14,84,7.07,broken clouds,NG,1634266753
474,Mashhad,36.297,59.6062,50.14,37,0,4.61,clear sky,IR,1634266748
475,Ambovombe,-25.1667,46.0833,70.65,65,0,3.96,clear sky,MG,1634266753
476,Mae Sai,20.4335,99.8762,72.72,98,100,2.48,overcast clouds,TH,1634266754
477,Linares,-35.85,-71.6,40.62,81,2,5.77,clear sky,CL,1634266754
478,Mikhaylovka,50.06,43.2379,43.21,89,92,6.24,overcast clouds,RU,1634266755
479,Soligalich,59.0778,42.2864,41.59,96,100,4.23,light rain,RU,1634266755
480,Thinadhoo,0.5333,72.9333,83.61,76,89,21.18,overcast clouds,MV,1634266756
481,Senanga,-16.1167,23.2667,64.42,21,0,6.26,clear sky,ZM,1634266756
482,Farmington,36.7281,-108.2187,43.77,60,3,4.0,clear sky,US,1634266757
483,Marawi,7.9986,124.2928,74.64,61,97,2.48,overcast clouds,PH,1634266757
484,Muros,42.7762,-9.0603,58.84,74,3,2.26,clear sky,ES,1634266758
485,Inhambane,-23.865,35.3833,72.25,92,100,6.98,overcast clouds,MZ,1634266758
486,Visnes,59.3556,5.2242,51.57,76,40,33.38,scattered clouds,NO,1634266759
487,Ossora,59.2353,163.0719,32.36,90,100,13.67,snow,RU,1634266759
488,Akyab,20.15,92.9,82.04,86,100,6.24,overcast clouds,MM,1634266760
489,Lensk,60.7253,114.9278,24.44,70,99,6.53,overcast clouds,RU,1634266760
490,Savannakhet,16.566,104.751,77.02,83,75,6.91,drizzle,LA,1634266761
491,Honggang,46.4667,124.8667,45.09,70,97,21.25,overcast clouds,CN,1634266761
492,Wrexham,53.0,-3.0,56.01,92,100,12.88,overcast clouds,GB,1634266762
493,Nador,35.174,-2.9287,62.85,82,0,2.3,clear sky,MA,1634266739
494,Jasper,37.2001,-94.3502,66.54,94,90,0.0,overcast clouds,US,1634266762
495,Durango,24.8333,-104.8333,60.64,48,8,2.19,clear sky,MX,1634266738
496,Melnikovo,56.5558,84.085,36.16,77,15,3.24,few clouds,RU,1634266763
497,Lobito,-12.3481,13.5456,71.22,84,23,4.97,few clouds,AO,1634266763
498,Inuvik,68.3499,-133.7218,29.26,96,90,2.3,overcast clouds,CA,1634266764
499,Camocim,-2.9022,-40.8411,79.18,81,4,13.2,clear sky,BR,1634266639
500,Itaituba,-4.2761,-55.9836,81.1,52,95,2.37,overcast clouds,BR,1634266765
501,Ballina,-28.8667,153.5667,84.38,39,9,17.27,clear sky,AU,1634266765
502,Villaviciosa,43.4813,-5.4357,58.6,57,88,3.65,overcast clouds,ES,1634266766
503,Chadiza,-14.0678,32.4392,63.93,77,16,3.04,few clouds,ZM,1634266766
504,Ozernovskiy,51.5,156.5167,48.04,85,100,8.55,light rain,RU,1634266767
505,Atmakur,15.8833,78.5833,80.64,66,100,3.2,overcast clouds,IN,1634266767
506,Nouadhibou,20.931,-17.0347,67.98,88,73,13.8,broken clouds,MR,1634266516
507,Bundi,25.4417,75.6417,77.54,36,0,2.35,clear sky,IN,1634266768
508,Erenhot,43.6475,111.9767,31.93,20,6,13.38,clear sky,CN,1634266769
509,Rio Gallegos,-51.6226,-69.2181,46.45,46,90,12.66,overcast clouds,AR,1634266769
510,Vrangel,42.7297,133.0839,55.58,46,68,10.33,broken clouds,RU,1634266769
511,Hit,33.6416,42.8251,77.74,29,11,2.06,few clouds,IQ,1634266770
512,Thornhill,55.2333,-3.7667,39.99,90,4,6.42,clear sky,GB,1634266513
513,Groningen,53.25,6.75,58.01,74,75,3.0,broken clouds,NL,1634266771
514,Havre,49.5833,0.3333,48.6,87,0,3.44,clear sky,FR,1634266772
515,El Fuerte,26.4189,-108.6194,79.48,62,52,5.55,broken clouds,MX,1634266772
516,Araouane,18.9048,-3.5265,80.76,10,8,11.21,clear sky,ML,1634266773
517,Praya,14.9215,-23.5087,77.54,73,75,16.11,broken clouds,CV,1634266773
518,Port Hardy,50.6996,-127.4199,50.0,93,90,6.91,light rain,CA,1634266774
519,Kisangani,0.5167,25.2,69.3,100,99,1.03,moderate rain,CD,1634266774
520,Tiarei,-17.5333,-149.3333,84.22,76,29,12.66,scattered clouds,PF,1634266775
521,Kologriv,58.8275,44.3178,41.68,90,100,7.16,overcast clouds,RU,1634266775
522,Keti Bandar,24.1447,67.4497,81.86,50,0,12.12,clear sky,PK,1634266776
523,Mount Gambier,-37.8333,140.7667,53.51,87,75,16.11,broken clouds,AU,1634266777
524,Dali,25.7,100.1833,59.94,94,100,2.93,overcast clouds,CN,1634266777
525,Dubbo,-32.25,148.6167,57.33,88,99,14.97,overcast clouds,AU,1634266778
526,Ascension,30.2169,-90.9001,80.01,89,40,0.0,scattered clouds,US,1634266778
527,Roma,43.2128,-75.4557,66.43,91,76,3.06,broken clouds,US,1634266779
528,Popondetta,-8.7537,148.2534,89.69,59,94,6.22,overcast clouds,PG,1634266779
529,San Vicente,-26.6167,-54.1333,68.58,99,93,3.4,moderate rain,AR,1634266780
530,Sinnamary,5.3833,-52.95,79.11,85,48,10.2,scattered clouds,GF,1634266780
531,Ahipara,-35.1667,173.1667,60.26,52,0,7.2,clear sky,NZ,1634266781
532,Tabora,-5.0167,32.8,71.35,49,66,6.33,broken clouds,TZ,1634266781
533,Monrovia,6.3005,-10.7969,75.63,92,100,3.76,moderate rain,LR,1634266680
534,Champua,22.0833,85.6667,80.78,83,95,8.19,overcast clouds,IN,1634266782
535,Bonavista,48.6499,-53.1147,48.11,95,100,33.73,light rain,CA,1634266782
536,Mogadishu,2.0371,45.3438,77.7,81,20,12.59,few clouds,SO,1634266783
537,Upington,-28.4478,21.2561,62.98,45,0,9.22,clear sky,ZA,1634266783
538,Adre,13.4667,22.2,73.42,78,27,3.53,scattered clouds,TD,1634266784
539,Pochutla,15.7432,-96.4661,76.69,91,32,3.33,scattered clouds,MX,1634266785
540,Newport,51.5877,-2.9984,59.86,87,100,7.05,overcast clouds,GB,1634266785
541,Senneterre,48.3835,-77.2328,59.22,96,100,7.16,light rain,CA,1634266786
542,Sovetskiy,61.3614,63.5842,38.73,93,100,6.6,overcast clouds,RU,1634266786
543,Aksarka,66.5606,67.7975,39.83,93,100,7.49,overcast clouds,RU,1634266787
544,Clonakilty,51.6231,-8.8706,53.1,84,97,4.09,overcast clouds,IE,1634266787
545,Bazpur,29.15,79.1167,79.61,48,0,1.77,clear sky,IN,1634266788
546,Moose Factory,51.2585,-80.6094,62.6,94,1,6.91,clear sky,CA,1634266788
547,Okato,-39.2,173.8833,60.42,61,17,9.86,few clouds,NZ,1634266789
548,Rudnogorsk,57.2639,103.7519,23.11,52,75,5.19,broken clouds,RU,1634266789
549,Port Shepstone,-30.7414,30.455,65.75,76,83,1.92,broken clouds,ZA,1634266790
550,Novobirilyussy,56.9514,90.6661,31.41,48,17,4.38,few clouds,RU,1634266790
551,Springbok,-29.6643,17.8865,48.13,76,100,11.36,overcast clouds,ZA,1634266791
552,Salalah,17.0151,54.0924,79.41,69,100,1.28,overcast clouds,OM,1634266791
553,Sur,22.5667,59.5289,81.75,37,0,3.83,clear sky,OM,1634266792
554,Nicoya,10.1483,-85.452,76.55,95,100,1.92,overcast clouds,CR,1634266793
555,Belyy Yar,53.6039,91.3903,28.29,86,5,0.0,clear sky,RU,1634266793
556,Terrace Bay,48.7834,-87.1,53.22,81,100,17.63,overcast clouds,CA,1634266793
557,Coria,39.9879,-6.5377,55.45,51,62,2.35,broken clouds,ES,1634266794
558,Kedgwick,47.6446,-67.3434,52.57,90,100,1.54,overcast clouds,CA,1634266794
559,Yar-Sale,66.8333,70.8333,37.58,90,96,7.14,overcast clouds,RU,1634266795
560,Tual,-5.6667,132.75,84.31,76,54,12.59,broken clouds,ID,1634266795
561,Bereda,43.2686,-7.5406,50.41,100,9,1.59,clear sky,ES,1634266796
562,Sao Gabriel Da Cachoeira,-0.1303,-67.0892,79.57,77,76,0.76,broken clouds,BR,1634266797
563,Manicore,-5.8092,-61.3003,81.88,54,93,3.51,overcast clouds,BR,1634266797
564,Dauphin,51.1494,-100.0502,42.94,87,90,12.66,light rain,CA,1634266630
565,Luena,-11.7833,19.9167,59.9,42,55,2.82,broken clouds,AO,1634266798
566,Hokitika,-42.7167,170.9667,55.0,64,29,8.46,scattered clouds,NZ,1634266798
567,La Rioja,42.25,-2.5,43.48,40,100,4.72,overcast clouds,ES,1634266799
568,Yeppoon,-23.1333,150.7333,89.38,53,96,10.09,overcast clouds,AU,1634266800
569,Pangnirtung,66.1451,-65.7125,26.17,66,98,2.8,overcast clouds,CA,1634266800
570,Topeka,39.0483,-95.678,62.73,66,95,3.0,overcast clouds,US,1634266665
571,Arteaga,18.4667,-102.4167,67.26,98,72,2.59,broken clouds,MX,1634266801
572,Abu Samrah,35.3029,37.1841,65.34,57,0,2.73,clear sky,SY,1634266802
573,Sabha,27.0377,14.4283,65.25,49,0,16.13,clear sky,LY,1634266803
574,Santander,43.4647,-3.8044,55.45,91,0,3.0,clear sky,ES,1634266806
575,Sisimiut,66.9395,-53.6735,36.21,98,100,3.89,overcast clouds,GL,1634266807
576,Passo De Camaragibe,-9.2368,-35.4901,76.55,91,33,4.12,scattered clouds,BR,1634266809
577,Hamilton,39.1834,-84.5333,74.75,84,88,4.23,overcast clouds,US,1634266578
578,Belton,38.812,-94.5319,64.89,76,60,1.99,broken clouds,US,1634266765
579,Shahreza,32.0339,51.8794,57.33,36,0,2.33,clear sky,IR,1634266810
580,Shimoda,34.6667,138.95,73.11,72,63,4.74,broken clouds,JP,1634266813
581,Baoding,38.8511,115.4903,67.03,47,100,9.26,overcast clouds,CN,1634266813
582,Shizunai,42.3339,142.3669,63.12,68,99,18.07,overcast clouds,JP,1634266815
583,San Pedro,14.35,121.0167,80.02,84,100,1.48,overcast clouds,PH,1634266817
584,Rudbar,30.15,62.6,63.39,20,0,7.16,clear sky,AF,1634266818
585,Vestmannaeyjar,63.4427,-20.2734,44.74,71,38,23.33,scattered clouds,IS,1634266818
586,Xiantao,30.3833,113.4,63.68,76,100,15.08,overcast clouds,CN,1634266819
587,Belfast,54.5833,-5.9333,47.37,82,5,4.61,clear sky,GB,1634266760
588,Yabelo,4.8833,38.0833,58.26,80,27,4.81,scattered clouds,ET,1634266820
589,Labuan,5.2767,115.2417,87.96,72,68,2.08,broken clouds,MY,1634266821
590,Novyye Gorki,56.7253,41.0601,44.67,97,100,4.63,light rain,RU,1634266822
591,Sistranda,63.7256,8.834,44.91,63,100,26.35,overcast clouds,NO,1634266822
592,Khandyga,62.6667,135.6,18.95,72,98,1.54,overcast clouds,RU,1634266823
593,Pasighat,28.0667,95.3333,87.85,49,12,2.1,few clouds,IN,1634266824
594,Terre Haute,39.4667,-87.4139,68.61,91,100,3.53,overcast clouds,US,1634266824
595,Karaidel,55.8337,56.9069,48.2,51,100,10.58,overcast clouds,RU,1634266825
596,Sikasso,10.9167,-7.0,74.84,77,1,4.68,clear sky,ML,1634266825
597,Cabedelo,-6.9811,-34.8339,78.39,82,5,14.88,clear sky,BR,1634266826
598,Homer,59.6425,-151.5483,39.09,87,90,0.0,overcast clouds,US,1634266827
599,Launceston,-41.45,147.1667,60.44,72,40,16.11,scattered clouds,AU,1634266827
600,Davila,18.4726,120.5763,85.87,69,87,8.34,overcast clouds,PH,1634266827
601,Salamanca,40.8333,-6.0,44.38,55,51,4.29,broken clouds,ES,1634266828
602,Snyder,32.7179,-100.9176,69.35,30,1,5.75,clear sky,US,1634266828
603,Tomatlan,19.9333,-105.25,74.79,93,1,2.8,clear sky,MX,1634266829
604,Ciudad Bolivar,8.1222,-63.5497,79.95,80,97,7.31,overcast clouds,VE,1634266829
605,Kasongo-Lunda,-6.4667,16.8167,69.12,97,91,0.96,overcast clouds,CD,1634266830
606,Bloemfontein,-29.1211,26.214,47.68,57,8,2.3,clear sky,ZA,1634266554
607,Simplicio Mendes,-7.8539,-41.9103,80.13,36,49,4.38,scattered clouds,BR,1634266831
608,Cavalcante,-13.7975,-47.4583,72.84,78,100,1.7,light rain,BR,1634266832
609,San Lawrenz,36.0553,14.204,61.86,57,67,8.01,broken clouds,MT,1634266832
610,Lixourion,38.2019,20.4314,66.79,81,97,20.54,overcast clouds,GR,1634266833
611,Krasnoborsk,61.5598,45.934,40.23,84,100,4.32,light rain,RU,1634266834
612,Cockburn Town,21.4612,-71.1419,82.56,77,67,12.12,broken clouds,TC,1634266834
613,High Level,58.5169,-117.136,40.21,62,0,2.28,clear sky,CA,1634266835
614,Kyra,49.5776,111.9753,22.39,41,8,19.62,clear sky,RU,1634266835
615,Kutum,14.2,24.6667,74.17,61,85,6.96,overcast clouds,SD,1634266836
616,Champerico,14.3,-91.9167,83.35,81,24,7.23,few clouds,GT,1634266836
617,Anadyr,64.75,177.4833,19.9,85,20,11.01,few clouds,RU,1634266836
618,Tocopilla,-22.092,-70.1979,60.87,75,24,6.91,few clouds,CL,1634266837
619,Puerto Del Rosario,28.5004,-13.8627,73.15,68,13,12.66,few clouds,ES,1634266837
620,Maues,-3.3836,-57.7186,80.69,54,71,1.21,broken clouds,BR,1634266838
621,Trairi,-3.2778,-39.2689,79.02,83,13,11.48,few clouds,BR,1634266577
622,Vradiyivka,47.862,30.5919,44.37,58,100,3.18,overcast clouds,UA,1634266839
623,Matveyev Kurgan,47.5645,38.8695,44.33,78,99,5.37,overcast clouds,RU,1634266840
624,Sauda,59.6506,6.3542,51.67,88,92,8.19,overcast clouds,NO,1634266840
625,Yaan,7.3833,8.5667,73.35,92,100,6.33,overcast clouds,NG,1634266841
626,Kyzyl-Suu,42.3414,78.0056,45.97,36,0,1.21,clear sky,KG,1634266841
627,Lorengau,-2.0226,147.2712,86.63,66,29,7.81,scattered clouds,PG,1634266842
628,Mahina,-17.5065,-149.489,83.97,61,75,3.44,broken clouds,PF,1634266842
629,Andros Town,24.7,-77.7667,81.75,72,6,8.08,clear sky,BS,1634266843
630,Umm Kaddadah,13.6017,26.6876,82.96,53,81,2.37,broken clouds,SD,1634266843
631,Montemor-O-Novo,38.6481,-8.2145,53.15,57,100,2.42,overcast clouds,PT,1634266843
632,Maniitsoq,65.4167,-52.9,38.48,85,100,5.77,overcast clouds,GL,1634266844
633,Aubenas,44.6201,4.3899,44.47,76,2,2.62,clear sky,FR,1634266844
634,Juegang,32.3174,121.1855,80.91,90,100,15.64,light rain,CN,1634266845
635,Raahe,64.6833,24.4833,45.19,87,100,21.07,overcast clouds,FI,1634266749
636,Ibra,22.6906,58.5334,78.3,19,0,3.58,clear sky,OM,1634266695
637,Damietta,31.4165,31.8133,75.18,68,31,10.67,scattered clouds,EG,1634266689
638,Te Anau,-45.4167,167.7167,57.78,50,23,4.61,few clouds,NZ,1634266846
639,Jardim,-21.4803,-56.1381,79.56,70,37,7.58,scattered clouds,BR,1634266847
640,San Quintin,30.4833,-115.95,65.17,69,0,7.4,clear sky,MX,1634266847
641,Aswan,24.0934,32.907,83.28,30,2,9.17,clear sky,EG,1634266848
642,Lasa,46.6166,10.7002,34.36,54,35,2.42,scattered clouds,IT,1634266848
643,Rosario,-32.9468,-60.6393,53.94,74,0,4.0,clear sky,AR,1634266622
644,Stornoway,58.2093,-6.3865,42.76,81,90,4.61,overcast clouds,GB,1634266849
645,Porto Novo,6.4965,2.6036,76.8,90,45,3.89,light rain,BJ,1634266850
646,Mayor Pablo Lagerenza,-19.9309,-60.7718,88.66,41,100,10.96,overcast clouds,PY,1634266850
647,Saint-Francois,46.4154,3.9054,35.67,100,5,2.3,clear sky,FR,1634266851
648,Gisborne,-38.6533,178.0042,59.95,63,38,6.62,scattered clouds,NZ,1634266851
649,Bam,29.106,58.357,70.39,12,0,8.72,clear sky,IR,1634266852
650,Tecoanapa,16.5167,-98.75,81.19,82,16,5.01,few clouds,MX,1634266852
651,Buchanan,5.8808,-10.0467,75.18,96,100,1.74,heavy intensity rain,LR,1634266853
652,Pierre,44.3683,-100.351,45.28,69,100,1.01,overcast clouds,US,1634266817
653,Soma,39.1855,27.6094,56.61,62,29,2.48,scattered clouds,TR,1634266854
654,Renala Khurd,30.8833,73.6,78.73,22,0,2.3,clear sky,PK,1634266854
655,Lima Duarte,-21.8425,-43.7931,65.79,91,97,3.11,light rain,BR,1634266854
656,Fort Nelson,58.8053,-122.7002,39.74,63,89,3.53,overcast clouds,CA,1634266855
657,Bahia De Caraquez,-0.6,-80.4167,72.88,86,100,6.42,overcast clouds,EC,1634266855
658,Alice Springs,-23.7,133.8833,72.95,21,0,11.5,clear sky,AU,1634266856
659,Sioux Lookout,50.1001,-91.917,45.28,88,100,11.52,overcast clouds,CA,1634266857
660,Tahe,52.3333,124.7333,24.89,49,100,7.58,overcast clouds,CN,1634266857
661,Kismayo,-0.3582,42.5454,78.73,78,83,13.33,broken clouds,SO,1634266858
662,Simav,39.0882,28.9777,53.96,58,1,4.94,clear sky,TR,1634266859
663,Nizhneye Kazanishche,42.7637,47.1603,43.32,87,100,0.98,overcast clouds,RU,1634266859
664,Thiruvananthapuram,8.4833,76.9167,82.38,78,75,1.14,haze,IN,1634266589
665,Eyl,7.9803,49.8164,78.15,81,92,9.57,overcast clouds,SO,1634266860
666,Wilkie,52.4168,-108.7014,36.91,54,95,7.18,overcast clouds,CA,1634266860
667,Madison,34.7334,-86.5667,69.4,89,1,3.44,clear sky,US,1634266666
668,Manta,-0.95,-80.7333,71.69,85,100,12.08,overcast clouds,EC,1634266862
669,Xining,36.6167,101.7667,39.87,73,100,2.17,overcast clouds,CN,1634266863
670,Puri,19.8,85.85,84.38,81,100,15.03,overcast clouds,IN,1634266864
671,Sindor,62.8629,51.8905,37.99,86,100,6.49,overcast clouds,RU,1634266865
672,Farah,32.5,62.5,60.82,11,0,1.61,clear sky,AF,1634266865
673,Waipawa,-41.4122,175.5153,57.83,61,53,4.34,broken clouds,NZ,1634266866
674,Saint-Louis,16.3333,-15.0,80.58,56,18,10.31,few clouds,SN,1634266866
675,Flin Flon,54.7682,-101.865,35.33,96,100,10.27,overcast clouds,CA,1634266867
676,Huarmey,-10.0681,-78.1522,63.97,85,100,7.78,overcast clouds,PE,1634266867
677,Pandan,14.0453,124.1694,84.6,71,26,3.29,scattered clouds,PH,1634266868
678,Aljezur,37.3191,-8.8033,65.3,76,100,5.57,overcast clouds,PT,1634266868
679,Dokka,60.84,10.0618,40.6,86,82,6.42,broken clouds,NO,1634266869
680,Destin,30.3935,-86.4958,79.05,88,100,1.99,overcast clouds,US,1634266810
681,Tutoia,-2.7619,-42.2744,80.04,84,39,13.27,scattered clouds,BR,1634266870
682,Tonota,-21.4833,27.4833,65.59,14,0,4.63,clear sky,BW,1634266870
683,Rey Bouba,8.6724,14.1786,74.28,75,100,3.11,overcast clouds,CM,1634266871
684,Matagami,49.7502,-77.6328,59.59,98,100,5.14,heavy intensity rain,CA,1634266871
685,Phalaborwa,-23.943,31.1411,69.08,39,0,5.06,clear sky,ZA,1634266872
686,Santa Cruz De Tenerife,28.4682,-16.2546,75.63,85,19,1.01,few clouds,ES,1634266773
687,Macklin,52.3334,-109.9348,36.39,54,13,4.94,few clouds,CA,1634266872
688,Echirolles,45.1333,5.7167,48.97,90,4,4.0,clear sky,FR,1634266873
689,Hualmay,-11.0964,-77.6139,62.74,86,100,7.92,overcast clouds,PE,1634266874
690,Mubi,10.2676,13.2644,76.19,49,100,3.98,overcast clouds,NG,1634266874
691,Kyabram,-36.3167,145.05,61.5,55,71,13.35,broken clouds,AU,1634266875
692,Besikduzu,41.052,39.2284,64.29,79,65,4.34,broken clouds,TR,1634266875
693,Frontera,26.9333,-101.45,79.95,58,4,2.01,clear sky,MX,1634266876
694,Mehran,33.1222,46.1646,83.89,19,0,5.06,clear sky,IR,1634266876
695,Whitehorse,60.7161,-135.0538,37.02,66,83,1.01,broken clouds,CA,1634266877
696,Dicabisagan,17.0818,122.4157,81.57,84,30,4.94,scattered clouds,PH,1634266877
697,Izbiceni,43.8333,24.65,46.17,92,100,12.8,light rain,RO,1634266878
698,Saint-Michel-Des-Saints,46.6834,-73.9159,59.94,97,100,3.38,overcast clouds,CA,1634266878
699,Acaponeta,22.4964,-105.3594,74.75,94,34,2.01,scattered clouds,MX,1634266879
700,Sanandaj,35.3144,46.9923,60.69,38,19,0.98,few clouds,IR,1634266879
701,Jalu,29.0331,21.5482,68.0,61,2,10.16,clear sky,LY,1634266880
702,Sala Consilina,40.3912,15.5989,47.3,62,100,14.99,overcast clouds,IT,1634266880
703,Amapa,1.0,-52.0,72.93,78,28,4.43,scattered clouds,BR,1634266881
704,Hambantota,6.1241,81.1185,80.94,100,20,10.36,few clouds,LK,1634266881
705,Tessalit,20.1986,1.0114,80.73,12,37,10.07,scattered clouds,ML,1634266882
706,Boke,10.9409,-14.2967,75.87,92,98,2.3,overcast clouds,GN,1634266882
707,Borovoy,55.4333,86.0833,33.08,80,5,2.24,clear sky,RU,1634266883
